{
	"Ho_ten": "Bành đình thụy Khuê",
	"Ma_so": "NV_1",
	"Ten_Dang_nhap": "NV_1",
	"Mat_khau": "NV_1",
	"Gioi_tinh": "Nam",
	"CMND": "007958643",
	"Dien_thoai": "0949134444",
	"Mail": "bđtkhuê@gmailvn",
	"Muc_luong": 9800000,
	"Ngay_sinh": "1972-04-01T17:00:00Z",
	"Don_vi": {
		"Ten": "Tư vấn du học 2",
		"Ma_so": "DV_4",
		"Chi_nhanh": {
			"Ten": "Chi nhánh B",
			"Ma_so": "CN_2"
		}
	},
	"Danh_sach_Ngoai_ngu": [
		{
			"Ten": "Pháp",
			"Ma_so": "PHAP"
		},
		{
			"Ten": "Ý",
			"Ma_so": "Y"
		}
	]
}