{
	"Ho_ten": "Ngô thị Giảng",
	"Ma_so": "NV_103",
	"CMND": "076152458",
	"Gioi_tinh": "Nữ",
	"Dien_thoai": "0982678926",
	"Dia_chi": "Nhữ thị S Quận 1-TP. HCM",
	"Mail": "ntgiảng@mrnhncom",
	"Ten_Dang_nhap": "NV_103",
	"Mat_khau": "NV_103",
	"Muc_luong": 3850000,
	"Ngay_sinh": "1983-12-28T17:00:00Z",
	"Don_vi": {
		"Ten": "Đa năng B",
		"Ma_so": "DV_6",
		"Chi_nhanh": {
			"Ten": "Chi nhánh B",
			"Ma_so": "CN_2"
		}
	},
	"Danh_sach_Ngoai_ngu": [
		{
			"Ten": "Anh",
			"Ma_so": "ANH"
		},
		{
			"Ten": "Nga",
			"Ma_so": "NGA"
		},
		{
			"Ten": "Ý",
			"Ma_so": "Y"
		}
	]
}