{
	"Ho_ten": "Hoa ngọc bạch Mai",
	"Ma_so": "NV_110",
	"CMND": "050732746",
	"Gioi_tinh": "Khác",
	"Dien_thoai": "0930596780",
	"Dia_chi": "Mai phúc B Quận 13-TP. HCM",
	"Mail": "hnbmai@mdayahoocom",
	"Ten_Dang_nhap": "NV_110",
	"Mat_khau": "NV_110",
	"Muc_luong": 9450000,
	"Ngay_sinh": "1994-09-10T17:00:00Z",
	"Don_vi": {
		"Ten": "Đa năng B",
		"Ma_so": "DV_6",
		"Chi_nhanh": {
			"Ten": "Chi nhánh B",
			"Ma_so": "CN_2"
		}
	},
	"Danh_sach_Ngoai_ngu": [
		{
			"Ten": "Anh",
			"Ma_so": "ANH"
		},
		{
			"Ten": "Nga",
			"Ma_so": "NGA"
		},
		{
			"Ten": "Đức",
			"Ma_so": "DUC"
		}
	]
}