{
	"Ho_ten": "Lâm ngọc Lành",
	"Ma_so": "NV_119",
	"Ten_dang_nhap": "NV_119",
	"Mat_khau": "NV_119",
	"Gioi_tinh": "Nữ",
	"Don_vi": {
		"Ten": "Đơn vị B.4",
		"Ma_so": "DON_VI_B.4",
		"Chi_nhanh": {
			"Ten": "Chi nhánh B",
			"Ma_so": "CHI_NHANH_B"
		}
	},
	"Danh_sach_Don_xin_nghi": [
		{
			"Ngay_Nop_don": "2017-12-01T00:00:00",
			"Ngay_Bat_dau": "2017-11-29T00:00:00+07:00",
			"So_ngay": 2,
			"Ly_do": "Việc riêng",
			"Y_kien": {
				"Ngay": "2017-11-15T00:00:00+07:00",
				"Da_co_Y_kien": false,
				"Noi_dung": "Đồng ý cho nghỉ "
			},
			"Ma_so": "NV_119-1",
			"Nhan_vien": {
				"Ho_ten": "Lâm ngọc Lành",
				"Ma_so": "NV_119"
			}
		}
	]
}