{
	"Ho_ten": "Trầm đình Khiêm",
	"Ma_so": "NV_118",
	"Ten_dang_nhap": "NV_118",
	"Mat_khau": "NV_118",
	"Gioi_tinh": "Nam",
	"Don_vi": {
		"Ten": "Đơn vị B.4",
		"Ma_so": "DON_VI_B.4",
		"Chi_nhanh": {
			"Ten": "Chi nhánh B",
			"Ma_so": "CHI_NHANH_B"
		}
	},
	"Danh_sach_Don_xin_nghi": [
		{
			"Ngay_Nop_don": "2017-10-05T00:00:00",
			"Ngay_Bat_dau": "2017-11-30T00:00:00+07:00",
			"So_ngay": 1,
			"Ly_do": "Việc riêng",
			"Y_kien": {
				"Ngay": "2017-10-12T00:00:00",
				"Da_co_Y_kien": true,
				"Noi_dung": "Đồng ý cho nghỉ "
			},
			"Ma_so": "NV_118-1",
			"Nhan_vien": {
				"Ho_ten": "Trầm đình Khiêm",
				"Ma_so": "NV_118"
			}
		},
		{
			"Ngay_Nop_don": "2017-10-15T00:00:00",
			"Ngay_Bat_dau": "2017-12-03T00:00:00+07:00",
			"So_ngay": 2,
			"Ly_do": "Việc riêng",
			"Y_kien": {
				"Ngay": "2017-10-20T00:00:00",
				"Da_co_Y_kien": true,
				"Noi_dung": "Đồng ý cho nghỉ "
			},
			"Ma_so": "NV_118-2",
			"Nhan_vien": {
				"Ho_ten": "Trầm đình Khiêm",
				"Ma_so": "NV_118"
			}
		},
		{
			"Ngay_Nop_don": "2017-11-06T00:00:00",
			"Ngay_Bat_dau": "2017-12-01T00:00:00+07:00",
			"So_ngay": 2,
			"Ly_do": "Việc riêng",
			"Y_kien": {
				"Ngay": "2017-11-19T00:00:00",
				"Da_co_Y_kien": true,
				"Noi_dung": "Đồng ý cho nghỉ "
			},
			"Ma_so": "NV_118-3",
			"Nhan_vien": {
				"Ho_ten": "Trầm đình Khiêm",
				"Ma_so": "NV_118"
			}
		},
		{
			"Ngay_Nop_don": "2017-12-05T00:00:00",
			"Ngay_Bat_dau": "2017-11-30T00:00:00+07:00",
			"So_ngay": 1,
			"Ly_do": "Việc riêng",
			"Y_kien": {
				"Ngay": "2017-11-15T00:00:00+07:00",
				"Da_co_Y_kien": false,
				"Noi_dung": "Đồng ý cho nghỉ "
			},
			"Ma_so": "NV_118-4",
			"Nhan_vien": {
				"Ho_ten": "Trầm đình Khiêm",
				"Ma_so": "NV_118"
			}
		}
	]
}