{
	"Ho_ten": "Trương nam thụy Lan",
	"Ma_so": "NV_22",
	"CMND": "055312203",
	"Gioi_tinh": "Nam",
	"Dien_thoai": "0976753128",
	"Dia_chi": "Đổ chiến N Quận 3-Đà nẳng",
	"Mail": "tntlan@mdavn",
	"Ten_Dang_nhap": "NV_22",
	"Mat_khau": "NV_22",
	"Muc_luong": 9450000,
	"Ngay_sinh": "1992-11-20T17:00:00Z",
	"Don_vi": {
		"Ten": "Đa năng A",
		"Ma_so": "DV_2",
		"Chi_nhanh": {
			"Ten": "Chi nhánh A",
			"Ma_so": "CN_1"
		}
	},
	"Danh_sach_Ngoai_ngu": [
		{
			"Ten": "Pháp",
			"Ma_so": "PHAP"
		},
		{
			"Ten": "Đức",
			"Ma_so": "DUC"
		},
		{
			"Ten": "Ý",
			"Ma_so": "Y"
		}
	]
}