{
	"Ho_ten": "Huỳnh hồng hải Bích",
	"Ma_so": "NV_20",
	"CMND": "019698567",
	"Gioi_tinh": "Nam",
	"Dien_thoai": "0997972148",
	"Dia_chi": "Hồ ngọc O Quận 9-TP. HCM",
	"Mail": "hhhbích@mrnyahoovn",
	"Ten_Dang_nhap": "NV_20",
	"Mat_khau": "NV_20",
	"Muc_luong": 7350000,
	"Ngay_sinh": "1987-03-25T17:00:00Z",
	"Don_vi": {
		"Ten": "Đa năng A",
		"Ma_so": "DV_2",
		"Chi_nhanh": {
			"Ten": "Chi nhánh A",
			"Ma_so": "CN_1"
		}
	},
	"Danh_sach_Ngoai_ngu": [
		{
			"Ten": "Nga",
			"Ma_so": "NGA"
		}
	]
}