{
	"Ho_ten": "Nhữ duy Phán",
	"Ma_so": "NV_30",
	"CMND": "007162916",
	"Gioi_tinh": "Nữ",
	"Dien_thoai": "0914957874",
	"Dia_chi": "Võ thanh T Quận 1-TP. HCM",
	"Mail": "ndphán@euhhcmcom",
	"Ten_Dang_nhap": "NV_30",
	"Mat_khau": "NV_30",
	"Muc_luong": 4200000,
	"Ngay_sinh": "1994-03-02T17:00:00Z",
	"Don_vi": {
		"Ten": "Đa năng A",
		"Ma_so": "DV_2",
		"Chi_nhanh": {
			"Ten": "Chi nhánh A",
			"Ma_so": "CN_1"
		}
	},
	"Danh_sach_Ngoai_ngu": [
		{
			"Ten": "Anh",
			"Ma_so": "ANH"
		},
		{
			"Ten": "Nga",
			"Ma_so": "NGA"
		}
	]
}