{
	"Ho_ten": "Trần như hồng Thu",
	"Ma_so": "NV_40",
	"CMND": "094165798",
	"Gioi_tinh": "Nam",
	"Dien_thoai": "0907712961",
	"Dia_chi": "Dương văn Q Quận 2-TP. HCM",
	"Mail": "tnhthu@sptyahoovn",
	"Ten_Dang_nhap": "NV_40",
	"Mat_khau": "NV_40",
	"Muc_luong": 11200000,
	"Ngay_sinh": "1975-10-30T17:00:00Z",
	"Don_vi": {
		"Ten": "Đa năng A",
		"Ma_so": "DV_2",
		"Chi_nhanh": {
			"Ten": "Chi nhánh A",
			"Ma_so": "CN_1"
		}
	},
	"Danh_sach_Ngoai_ngu": [
		{
			"Ten": "Anh",
			"Ma_so": "ANH"
		},
		{
			"Ten": "Pháp",
			"Ma_so": "PHAP"
		},
		{
			"Ten": "Đức",
			"Ma_so": "DUC"
		}
	]
}