{
	"Ho_ten": "Ngô thị ngọc Liên",
	"Ma_so": "NV_5",
	"CMND": "070227446",
	"Gioi_tinh": "Nữ",
	"Dien_thoai": "0955282489",
	"Dia_chi": "Trần văn Minh  Tiền giang",
	"Mail": "ntnliên@cschncom",
	"Ten_Dang_nhap": "NV_5",
	"Mat_khau": "NV_5",
	"Muc_luong": 6650000,
	"Ngay_sinh": "1982-01-03T17:00:00Z",
	"Don_vi": {
		"Ma_so": "DV_6",
		"Ten": "Đa năng B",
		"Chi_nhanh": {
			"Ma_so": "CN_2",
			"Ten": "Chi nhánh B"
		}
	},
	"Danh_sach_Ngoai_ngu": [
		{
			"Ten": "Anh",
			"Ma_so": "ANH"
		},
		{
			"Ten": "Nga",
			"Ma_so": "NGA"
		},
		{
			"Ten": "Đức",
			"Ma_so": "DUC"
		},
		{
			"Ten": "Ý",
			"Ma_so": "Y"
		}
	],
	"Ma_so_Bao_mat": "VHLhuqduIGNoaeG6v24gTSBRdeG6rW4gOC1UaeG7gW4gZ2lhbmc="
}