{
	"Ho_ten": "Hồ lê quang Viễn",
	"Ma_so": "NV_59",
	"CMND": "048373108",
	"Gioi_tinh": "Nam",
	"Dien_thoai": "0963439657",
	"Dia_chi": "Ngô đình I Quận 2-TP. HCM",
	"Mail": "hlqviễn@euhhnvn",
	"Ten_Dang_nhap": "NV_59",
	"Mat_khau": "NV_59",
	"Muc_luong": 9800000,
	"Ngay_sinh": "1981-07-03T17:00:00Z",
	"Don_vi": {
		"Ten": "Tư vấn du học 1",
		"Ma_so": "DV_3",
		"Chi_nhanh": {
			"Ten": "Chi nhánh B",
			"Ma_so": "CN_2"
		}
	},
	"Danh_sach_Ngoai_ngu": [
		{
			"Ten": "Anh",
			"Ma_so": "ANH"
		},
		{
			"Ten": "Pháp",
			"Ma_so": "PHAP"
		},
		{
			"Ten": "Ý",
			"Ma_so": "Y"
		}
	]
}