{
	"Ho_ten": "Nhữ quyết Bính",
	"Ma_so": "NV_71",
	"CMND": "079363926",
	"Gioi_tinh": "Nữ",
	"Dien_thoai": "0978031412",
	"Dia_chi": "Nguyễn duy R Quận 4-TP. HCM",
	"Mail": "nqbính@euhyahoovn",
	"Ten_Dang_nhap": "NV_71",
	"Mat_khau": "NV_71",
	"Muc_luong": 9450000,
	"Ngay_sinh": "1974-11-06T17:00:00Z",
	"Don_vi": {
		"Ten": "Tư vấn du học 2",
		"Ma_so": "DV_4",
		"Chi_nhanh": {
			"Ten": "Chi nhánh B",
			"Ma_so": "CN_2"
		}
	},
	"Danh_sach_Ngoai_ngu": [
		{
			"Ten": "Anh",
			"Ma_so": "ANH"
		},
		{
			"Ten": "Nga",
			"Ma_so": "NGA"
		},
		{
			"Ten": "Đức",
			"Ma_so": "DUC"
		},
		{
			"Ten": "Ý",
			"Ma_so": "Y"
		}
	]
}