{
	"Ho_ten": "Phi phúc hồng Thu",
	"Ma_so": "NV_85",
	"CMND": "010561493",
	"Gioi_tinh": "Nam",
	"Dien_thoai": "0976731527",
	"Dia_chi": "Phạm kiến B Quận 11-TP. HCM",
	"Mail": "pphthu@hncom",
	"Ten_Dang_nhap": "NV_85",
	"Mat_khau": "NV_85",
	"Muc_luong": 3850000,
	"Ngay_sinh": "1994-02-16T17:00:00Z",
	"Don_vi": {
		"Ten": "Visa",
		"Ma_so": "DV_5",
		"Chi_nhanh": {
			"Ten": "Chi nhánh B",
			"Ma_so": "CN_2"
		}
	},
	"Danh_sach_Ngoai_ngu": [
		{
			"Ten": "Anh",
			"Ma_so": "ANH"
		},
		{
			"Ten": "Pháp",
			"Ma_so": "PHAP"
		},
		{
			"Ten": "Ý",
			"Ma_so": "Y"
		}
	]
}