{
	"Ho_ten": "Nguyễn lê quyết Thắng",
	"Ma_so": "NV_87",
	"CMND": "071362314",
	"Gioi_tinh": "Nam",
	"Dien_thoai": "0907490616",
	"Dia_chi": "Phạm văn Q Quận 5-Tiền giang",
	"Mail": "nlqthắng@mdahcmvn",
	"Ten_Dang_nhap": "NV_87",
	"Mat_khau": "NV_87",
	"Muc_luong": 4200000,
	"Ngay_sinh": "1970-10-18T17:00:00Z",
	"Don_vi": {
		"Ten": "Visa",
		"Ma_so": "DV_5",
		"Chi_nhanh": {
			"Ten": "Chi nhánh B",
			"Ma_so": "CN_2"
		}
	},
	"Danh_sach_Ngoai_ngu": [
		{
			"Ten": "Anh",
			"Ma_so": "ANH"
		},
		{
			"Ten": "Nga",
			"Ma_so": "NGA"
		},
		{
			"Ten": "Đức",
			"Ma_so": "DUC"
		}
	]
}