{
	"Ho_ten": "Ngô ngọc ngọc Liên",
	"Ma_so": "NV_93",
	"CMND": "063956362",
	"Gioi_tinh": "Nữ",
	"Dien_thoai": "0901291329",
	"Dia_chi": "Trầm thị I Quận 12-Cần Thơ",
	"Mail": "nnnliên@alphtkgmailcom",
	"Ten_Dang_nhap": "NV_93",
	"Mat_khau": "NV_93",
	"Muc_luong": 8750000,
	"Ngay_sinh": "1988-04-27T17:00:00Z",
	"Don_vi": {
		"Ten": "Visa",
		"Ma_so": "DV_5",
		"Chi_nhanh": {
			"Ten": "Chi nhánh B",
			"Ma_so": "CN_2"
		}
	},
	"Danh_sach_Ngoai_ngu": [
		{
			"Ten": "Anh",
			"Ma_so": "ANH"
		},
		{
			"Ten": "Nga",
			"Ma_so": "NGA"
		},
		{
			"Ten": "Đức",
			"Ma_so": "DUC"
		},
		{
			"Ten": "Ý",
			"Ma_so": "Y"
		}
	]
}