{
	"Ho_ten": "Lâm triệu Sơn",
	"Ma_so": "NV_112",
	"CMND": "005130024",
	"Gioi_tinh": "Nam",
	"Dien_thoai": "0975765003",
	"Dia_chi": "Mai tiến S Quận 12-TP. HCM",
	"Mail": "ltsơn@sptyahoovn",
	"Ten_Dang_nhap": "NV_112",
	"Mat_khau": "NV_112",
	"Muc_luong": 7800000,
	"Ngay_sinh": "1989-09-02",
	"Don_vi": {
		"Ten": "Đơn vị B4",
		"Ma_so": "DV_B4",
		"Chi_nhanh": {
			"Ten": "Chi nhánh B",
			"Ma_so": "CN_B"
		}
	},
	"Danh_sach_Ngoai_ngu": [
		{
			"Ten": "Nga",
			"Ma_so": "NGA"
		}
	]
}