{
    "Ho_ten": "Bạch văn Huy",
    "Ma_so": "NV_11",
    "CMND": "072352541",
    "Gioi_tinh": "Nữ",
    "Dien_thoai": "0929271524",
    "Dia_chi": "Võ lâm K Quận 9-TP. HCM",
    "Mail": "bvhuy@spthcmcom",
    "Ten_Dang_nhap": "NV_11",
    "Mat_khau": "NV_11",
    "Muc_luong": 8250000,
    "Ngay_sinh": "1980-11-07",
    "Don_vi": {
		"Ten": "Đơn vị A1",
		"Ma_so": "DV_A1",
		"Chi_nhanh": {
			"Ten": "Chi nhánh A",
			"Ma_so": "CN_A"
		}
	},
    "Danh_sach_Ngoai_ngu": [
        {
            "Ten": "Anh",
            "Ma_so": "ANH"
        },
        {
            "Ten": "Đức",
            "Ma_so": "DUC"
        },
        {
			"Ten": "Brasil",
			"Ma_so": "BRASIL"
		}
    ]
}