{
	"Ho_ten": "Nhữ chiến Dung",
	"Ma_so": "NV_105",
	"CMND": "095394823",
	"Gioi_tinh": "Nữ",
	"Dien_thoai": "0994728020",
	"Dia_chi": "Trầm sơn J Quận 3-Đà nẳng",
	"Mail": "ncdung@euhvn",
	"Ten_Dang_nhap": "NV_105",
	"Mat_khau": "NV_105",
	"Muc_luong": 9450000,
	"Ngay_sinh": "1972-07-18",
	"Don_vi": {
		"Ten": "Đơn vị B4",
		"Ma_so": "DV_B4",
		"Chi_nhanh": {
			"Ten": "Chi nhánh B",
			"Ma_so": "CN_B"
		}
	},
	"Danh_sach_Ngoai_ngu": [
		{
			"Ten": "Anh",
			"Ma_so": "ANH"
		},
		{
			"Ten": "Nga",
			"Ma_so": "NGA"
		},
		{
			"Ten": "Đức",
			"Ma_so": "DUC"
		}
	]
}