{
	"Ho_ten": "Tô tiến Song",
	"Ma_so": "NV_102",
	"CMND": "076817267",
	"Gioi_tinh": "Nữ",
	"Dien_thoai": "0979085921",
	"Dia_chi": "Bạch kỳ D Quận 10-TP. HCM",
	"Mail": "ttsong@alphtkcom",
	"Ten_Dang_nhap": "NV_102",
	"Mat_khau": "NV_102",
	"Muc_luong": 9800000,
	"Ngay_sinh": "1983-03-27",
	"Don_vi": {
		"Ten": "Đơn vị B4",
		"Ma_so": "DV_B4",
		"Chi_nhanh": {
			"Ten": "Chi nhánh B",
			"Ma_so": "CN_B"
		}
	},
	"Danh_sach_Ngoai_ngu": [
		{
			"Ten": "Anh",
			"Ma_so": "ANH"
		},
		{
			"Ten": "Nga",
			"Ma_so": "NGA"
		},
		{
			"Ten": "Đức",
			"Ma_so": "DUC"
		}
	]
}