{
	"Ho_ten": "Đồng ngọc Tráng",
	"Ma_so": "NV_18",
	"CMND": "071213032",
	"Gioi_tinh": "Nữ",
	"Dien_thoai": "0925601943",
	"Dia_chi": "Nguyễn phước T Quận 9-TP. HCM",
	"Mail": "đntráng@euhyahoocom",
	"Ten_Dang_nhap": "NV_18",
	"Mat_khau": "NV_18",
	"Muc_luong": 8900000,
	"Ngay_sinh": "1987-07-02",
	"Don_vi": {
		"Ten": "Đơn vị A1",
		"Ma_so": "DV_A1",
		"Chi_nhanh": {
			"Ten": "Chi nhánh A",
			"Ma_so": "CN_A"
		}
	},
	"Danh_sach_Ngoai_ngu": [
		{
			"Ten": "Anh",
			"Ma_so": "ANH"
		},
		{
			"Ten": "Brasil",
			"Ma_so": "BRASIL"
		}
	]
}