{"Ho_ten":"Bành đình thụy Khuê","Ma_so":"NV_1","Ten_Dang_nhap":"NV_1","Mat_khau":"NV_1","Gioi_tinh":"Nam","CMND":"007958643","Dien_thoai":"0949134233","Mail":"bdtkhue@gmail.com","Muc_luong":10850000,"Dia_chi":"222 Lê Văn Minh, Quận 6, TP.HCM    ","Ngay_sinh":"1972-04-01","Don_vi":{"Ten":"Đơn vị A1","Ma_so":"DV_A1","Chi_nhanh":{"Ten":"Chi nhánh A","Ma_so":"CN_A"}},"Danh_sach_Ngoai_ngu":[{"Ma_so":"NGA","Ten":"Nga"},{"Ten":"Brasil","Ma_so":"BRASIL"},{"Ma_so":"DUC","Ten":"Đức"},{"Ma_so":"PHAP","Ten":"Pháp"}]}