{
	"Ho_ten": "Đặng xuân Mai",
	"Ma_so": "NV_23",
	"CMND": "082974553",
	"Gioi_tinh": "Khác",
	"Dien_thoai": "0928487897",
	"Dia_chi": "Hứa cao T Quận 12-TP. HCM",
	"Mail": "đxmai@mrnhcmcom",
	"Ten_Dang_nhap": "NV_23",
	"Mat_khau": "NV_23",
	"Muc_luong": 8600000,
	"Ngay_sinh": "1974-05-01",
	"Don_vi": {
		"Ten": "Đơn vị A2",
		"Ma_so": "DV_A2",
		"Chi_nhanh": {
			"Ten": "Chi nhánh A",
			"Ma_so": "CN_A"
		}
	},
	"Danh_sach_Ngoai_ngu": [
		{
			"Ten": "Anh",
			"Ma_so": "ANH"
		},
		{
			"Ten": "Brasil",
			"Ma_so": "BRASIL"
		}
	]
}