{
	"Ho_ten": "Đặng thị xuân Dung",
	"Ma_so": "NV_27",
	"CMND": "035888989",
	"Gioi_tinh": "Nữ",
	"Dien_thoai": "0900399019",
	"Dia_chi": "Liên tiến Q Quận 2-TP. HCM",
	"Mail": "đtxdung@mrnhcmvn",
	"Ten_Dang_nhap": "NV_27",
	"Mat_khau": "NV_27",
	"Muc_luong": 8350000,
	"Ngay_sinh": "1982-02-22",
	"Don_vi": {
		"Ten": "Đơn vị A2",
		"Ma_so": "DV_A2",
		"Chi_nhanh": {
			"Ten": "Chi nhánh A",
			"Ma_so": "CN_A"
		}
	},
	"Danh_sach_Ngoai_ngu": [
		{
			"Ten": "Anh",
			"Ma_so": "ANH"
		},
		{
			"Ten": "Pháp",
			"Ma_so": "PHAP"
		},
		{
			"Ten": "Brasil",
			"Ma_so": "BRASIL"
		}
	]
}