{
	"Ho_ten": "Nguyễn tiến Thu",
	"Ma_so": "NV_32",
	"CMND": "027434175",
	"Gioi_tinh": "Nam",
	"Dien_thoai": "0997410470",
	"Dia_chi": "Trần tiến H Quận 2-Đà nẳng",
	"Mail": "ntthu@euhhcmcom",
	"Ten_Dang_nhap": "NV_32",
	"Mat_khau": "NV_32",
	"Muc_luong": 11550000,
	"Ngay_sinh": "1980-01-23",
	"Don_vi": {
		"Ten": "Đơn vị A2",
		"Ma_so": "DV_A2",
		"Chi_nhanh": {
			"Ten": "Chi nhánh A",
			"Ma_so": "CN_A"
		}
	},
	"Danh_sach_Ngoai_ngu": [
		{
			"Ten": "Brasil",
			"Ma_so": "BRASIL"
		}
	]
}