{
	"Ho_ten": "Nguyễn văn sơn Tài",
	"Ma_so": "NV_58",
	"CMND": "091887907",
	"Gioi_tinh": "Nam",
	"Dien_thoai": "0984542230",
	"Dia_chi": "Nguyễn bùi G Quận 4-TP. HCM",
	"Mail": "nvstài@mdahcmvn",
	"Ten_Dang_nhap": "NV_58",
	"Mat_khau": "NV_58",
	"Muc_luong": 8400000,
	"Ngay_sinh": "1988-04-25",
	"Don_vi": {
		"Ten": "Đơn vị B2",
		"Ma_so": "DV_B2",
		"Chi_nhanh": {
			"Ten": "Chi nhánh B",
			"Ma_so": "CN_B"
		}
	},
	"Danh_sach_Ngoai_ngu": [
		{
			"Ten": "Anh",
			"Ma_so": "ANH"
		}
	]
}