{
	"Ho_ten": "Hồ đình ngọc Liên",
	"Ma_so": "NV_56",
	"CMND": "080022516",
	"Gioi_tinh": "Nam",
	"Dien_thoai": "0998552112",
	"Dia_chi": "Nguyễn thanh V Quận 13-Đà nẳng",
	"Mail": "hđnliên@alphtkhcmvn",
	"Ten_Dang_nhap": "NV_56",
	"Mat_khau": "NV_56",
	"Muc_luong": 8850000,
	"Ngay_sinh": "1988-10-02",
	"Don_vi": {
		"Ten": "Đơn vị B1",
		"Ma_so": "DV_B1",
		"Chi_nhanh": {
			"Ten": "Chi nhánh B",
			"Ma_so": "CN_B"
		}
	},
	"Danh_sach_Ngoai_ngu": [
		{
			"Ten": "Anh",
			"Ma_so": "ANH"
		},
		{
			"Ten": "Pháp",
			"Ma_so": "PHAP"
		},
		{
			"Ten": "Brasil",
			"Ma_so": "BRASIL"
		}
	]
}