{
	"Ho_ten": "Ngô thị ngọc Liên",
	"Ma_so": "NV_5",
	"CMND": "070227446",
	"Gioi_tinh": "Nữ",
	"Dien_thoai": "0955282489",
	"Dia_chi": "Trần chiến M Quận 8-Tiền giang",
	"Mail": "ntnliên@cschncom",
	"Ten_Dang_nhap": "NV_5",
	"Mat_khau": "NV_5",
	"Muc_luong": 7650000,
	"Ngay_sinh": "1982-01-03",
	"Don_vi": {
		"Ten": "Đơn vị A1",
		"Ma_so": "DV_A1",
		"Chi_nhanh": {
			"Ten": "Chi nhánh A",
			"Ma_so": "CN_A"
		}
	},
	"Danh_sach_Ngoai_ngu": [
		{
			"Ten": "Anh",
			"Ma_so": "ANH"
		},
		{
			"Ten": "Nga",
			"Ma_so": "NGA"
		},
		{
			"Ten": "Đức",
			"Ma_so": "DUC"
		},
		{
			"Ten": "Brasil",
			"Ma_so": "BRASIL"
		}
	]
}