{
	"Ho_ten": "Lý thành Sơn",
	"Ma_so": "NV_63",
	"CMND": "054338041",
	"Gioi_tinh": "Nam",
	"Dien_thoai": "0999981753",
	"Dia_chi": "Trần cao B Quận 13-TP. HCM",
	"Mail": "ltsơn@euhgmailcom",
	"Ten_Dang_nhap": "NV_63",
	"Mat_khau": "NV_63",
	"Muc_luong": 12250000,
	"Ngay_sinh": "1993-08-07",
	"Don_vi": {
		"Ten": "Đơn vị B2",
		"Ma_so": "DV_B2",
		"Chi_nhanh": {
			"Ten": "Chi nhánh B",
			"Ma_so": "CN_B"
		}
	},
	"Danh_sach_Ngoai_ngu": [
		{
			"Ten": "Anh",
			"Ma_so": "ANH"
		},
		{
			"Ten": "Đức",
			"Ma_so": "DUC"
		},
		{
			"Ten": "Brasil",
			"Ma_so": "BRASIL"
		}
	]
}