{
	"Ho_ten": "Quách kiên gia Trưởng",
	"Ma_so": "NV_82",
	"CMND": "022210272",
	"Gioi_tinh": "Nữ",
	"Dien_thoai": "0963543110",
	"Dia_chi": "Đồng kiên F Quận 1-TP. HCM",
	"Mail": "qkgtrưởng@euhgmailcom",
	"Ten_Dang_nhap": "NV_82",
	"Mat_khau": "NV_82",
	"Muc_luong": 8950000,
	"Ngay_sinh": "1988-12-24",
	"Don_vi": {
		"Ten": "Đơn vị B3",
		"Ma_so": "DV_B3",
		"Chi_nhanh": {
			"Ten": "Chi nhánh B",
			"Ma_so": "CN_B"
		}
	},
	"Danh_sach_Ngoai_ngu": [
		{
			"Ten": "Anh",
			"Ma_so": "ANH"
		},
		{
			"Ten": "Nga",
			"Ma_so": "NGA"
		},
		{
			"Ten": "Brasil",
			"Ma_so": "BRASIL"
		}
	]
}