{
	"Ho_ten": "Võ lê thùy Trang",
	"Ma_so": "NV_84",
	"CMND": "029262056",
	"Gioi_tinh": "Nữ",
	"Dien_thoai": "0920098642",
	"Dia_chi": "Phạm an W Quận 1-TP. HCM",
	"Mail": "vlttrang@mrngmailvn",
	"Ten_Dang_nhap": "NV_84",
	"Mat_khau": "NV_84",
	"Muc_luong": 8250000,
	"Ngay_sinh": "1977-08-10",
	"Don_vi": {
		"Ten": "Đơn vị B3",
		"Ma_so": "DV_B3",
		"Chi_nhanh": {
			"Ten": "Chi nhánh B",
			"Ma_so": "CN_B"
		}
	},
	"Danh_sach_Ngoai_ngu": [
		{
			"Ten": "Anh",
			"Ma_so": "ANH"
		},
		{
			"Ten": "Đức",
			"Ma_so": "DUC"
		}
	]
}