{
	"Ho_ten": "Cao nam chiến Thắng",
	"Ma_so": "NV_91",
	"CMND": "064090721",
	"Gioi_tinh": "Nữ",
	"Dien_thoai": "0970964331",
	"Dia_chi": "Nguyễn thanh A Quận 2-Đà nẳng",
	"Mail": "cncthắng@mrngmailcom",
	"Ten_Dang_nhap": "NV_91",
	"Mat_khau": "NV_91",
	"Muc_luong": 13650000,
	"Ngay_sinh": "1981-03-24",
	"Don_vi": {
		"Ten": "Đơn vị B3",
		"Ma_so": "DV_B3",
		"Chi_nhanh": {
			"Ten": "Chi nhánh B",
			"Ma_so": "CN_B"
		}
	},
	"Danh_sach_Ngoai_ngu": [
		{
			"Ten": "Anh",
			"Ma_so": "ANH"
		},
		{
			"Ten": "Nga",
			"Ma_so": "NGA"
		}
	]
}