{
	"Ho_ten": "Công duy Thiện",
	"Ma_so": "NV_92",
	"CMND": "087867290",
	"Gioi_tinh": "Nam",
	"Dien_thoai": "0913900262",
	"Dia_chi": "Châu thiện Y Quận 9-TP. HCM",
	"Mail": "cdthiện@hnvn",
	"Ten_Dang_nhap": "NV_92",
	"Mat_khau": "NV_92",
	"Muc_luong": 8850000,
	"Ngay_sinh": "1973-03-24",
	"Don_vi": {
		"Ten": "Đơn vị B3",
		"Ma_so": "DV_B3",
		"Chi_nhanh": {
			"Ten": "Chi nhánh B",
			"Ma_so": "CN_B"
		}
	},
	"Danh_sach_Ngoai_ngu": [
		{
			"Ten": "Anh",
			"Ma_so": "ANH"
		},
		{
			"Ten": "Pháp",
			"Ma_so": "PHAP"
		},
		{
			"Ten": "Đức",
			"Ma_so": "DUC"
		}
	]
}