{
	"Ho_ten": "Phùng đình thụy Lan",
	"Ma_so": "NV_101",
	"CMND": "082187655",
	"Gioi_tinh": "Nam",
	"Dien_thoai": "0918515945",
	"Dia_chi": "Lê như F Quận 2-TP. HCM",
	"Mail": "pđtlan@mdagmailvn",
	"Ten_Dang_nhap": "NV_101",
	"Mat_khau": "NV_101",
	"Muc_luong": 14000000,
	"Ngay_sinh": "1977-05-17",
	"Don_vi": {
		"Ten": "Đơn vị B4",
		"Ma_so": "DV_B4",
		"Chi_nhanh": {
			"Ten": "Chi nhánh B",
			"Ma_so": "CN_B"
		}
	},
	"Danh_sach_Ngoai_ngu": [
		{
			"Ten": "Đức",
			"Ma_so": "DUC"
		}
	]
}