{
	"Ho_ten": "Trương tiến Quân",
	"Ma_so": "NV_19",
	"CMND": "063459805",
	"Gioi_tinh": "Nam",
	"Dien_thoai": "0966928331",
	"Dia_chi": "Trương triệu P Quận 1-TP. HCM",
	"Mail": "ttquân@gmailcom",
	"Ten_Dang_nhap": "NV_19",
	"Mat_khau": "NV_19",
	"Muc_luong": 8550000,
	"Ngay_sinh": "1971-02-28",
	"Don_vi": {
		"Ten": "Đơn vị A1",
		"Ma_so": "DV_A1",
		"Chi_nhanh": {
			"Ten": "Chi nhánh A",
			"Ma_so": "CN_A"
		}
	},
	"Danh_sach_Ngoai_ngu": [
		{
			"Ten": "Anh",
			"Ma_so": "ANH"
		},
		{
			"Ten": "Đức",
			"Ma_so": "DUC"
		}
	]
}