{
	"Ho_ten": "Trương ngọc thảo Nguyên",
	"Ma_so": "NV_113",
	"CMND": "042898152",
	"Gioi_tinh": "Nam",
	"Dien_thoai": "0931592246",
	"Dia_chi": "Lý kiến Hoa, Quận 3, TP.HCM",
	"Mail": "tntnguyen@gmail.com",
	"Ten_Dang_nhap": "NV_113",
	"Mat_khau": "NV_113",
	"Muc_luong": 7950000,
	"Ngay_sinh": "1989-06-29",
	"Don_vi": {
		"Ten": "Đơn vị B4",
		"Ma_so": "DV_B4",
		"Chi_nhanh": {
			"Ten": "Chi nhánh B",
			"Ma_so": "CN_B"
		}
	},
	"Danh_sach_Ngoai_ngu": [
		{
			"Ten": "Anh",
			"Ma_so": "ANH"
		},
		{
			"Ten": "Brasil",
			"Ma_so": "BRASIL"
		}
	]
}