{
	"Ho_ten": "Phí sơn khánh Ngọc",
	"Ma_so": "NV_21",
	"CMND": "030294319",
	"Gioi_tinh": "Nam",
	"Dien_thoai": "0969607163",
	"Dia_chi": "Trần quyết O Quận 10-TP. HCM",
	"Mail": "pskngọc@sptcom",
	"Ten_Dang_nhap": "NV_21",
	"Mat_khau": "NV_21",
	"Muc_luong": 8050000,
	"Ngay_sinh": "1973-04-02",
	"Don_vi": {
		"Ten": "Đơn vị A2",
		"Ma_so": "DV_A2",
		"Chi_nhanh": {
			"Ten": "Chi nhánh A",
			"Ma_so": "CN_A"
		}
	},
	"Danh_sach_Ngoai_ngu": [
		{
			"Ten": "Anh",
			"Ma_so": "ANH"
		},
		{
			"Ten": "Brasil",
			"Ma_so": "BRASIL"
		}
	]
}