{
	"Ho_ten": "Trương nam thụy Lan",
	"Ma_so": "NV_22",
	"CMND": "055312203",
	"Gioi_tinh": "Nam",
	"Dien_thoai": "0976753128",
	"Dia_chi": "Đổ chiến N Quận 3-Đà nẳng",
	"Mail": "tntlan@mdavn",
	"Ten_Dang_nhap": "NV_22",
	"Mat_khau": "NV_22",
	"Muc_luong": 9450000,
	"Ngay_sinh": "1992-11-20",
	"Don_vi": {
		"Ten": "Đơn vị A2",
		"Ma_so": "DV_A2",
		"Chi_nhanh": {
			"Ten": "Chi nhánh A",
			"Ma_so": "CN_A"
		}
	},
	"Danh_sach_Ngoai_ngu": [
		{
			"Ten": "Pháp",
			"Ma_so": "PHAP"
		},
		{
			"Ten": "Đức",
			"Ma_so": "DUC"
		},
		{
			"Ten": "Brasil",
			"Ma_so": "BRASIL"
		}
	]
}