{
	"Ho_ten": "Thái thế hiền Thục",
	"Ma_so": "NV_2",
	"CMND": "005246710",
	"Gioi_tinh": "Nam",
	"Dien_thoai": "0919631495",
	"Dia_chi": "Đinh thế D Quận 6-TP. HCM",
	"Mail": "tththục@euhyahoocom",
	"Ten_Dang_nhap": "NV_2",
	"Mat_khau": "NV_2",
	"Muc_luong": 10850000,
	"Ngay_sinh": "1970-12-24",
	"Don_vi": {
		"Ten": "Đơn vị A1",
		"Ma_so": "DV_A1",
		"Chi_nhanh": {
			"Ten": "Chi nhánh A",
			"Ma_so": "CN_A"
		}
	},
	"Danh_sach_Ngoai_ngu": [
		{
			"Ten": "Pháp",
			"Ma_so": "PHAP"
		},
		{
			"Ten": "Đức",
			"Ma_so": "DUC"
		},
		{
			"Ten": "Brasil",
			"Ma_so": "BRASIL"
		}
	]
}