{
	"Ho_ten": "Kiều thiện Bắc",
	"Ma_so": "NV_36",
	"CMND": "062283695",
	"Gioi_tinh": "Nam",
	"Dien_thoai": "0986422848",
	"Dia_chi": "Phạm văn N Quận 5-TP. HCM",
	"Mail": "ktbắc@csccom",
	"Ten_Dang_nhap": "NV_36",
	"Mat_khau": "NV_36",
	"Muc_luong": 13650000,
	"Ngay_sinh": "1985-04-21",
	"Don_vi": {
		"Ten": "Đơn vị A2",
		"Ma_so": "DV_A2",
		"Chi_nhanh": {
			"Ten": "Chi nhánh A",
			"Ma_so": "CN_A"
		}
	},
	"Danh_sach_Ngoai_ngu": [
		{
			"Ten": "Anh",
			"Ma_so": "ANH"
		},
		{
			"Ten": "Đức",
			"Ma_so": "DUC"
		}
	]
}