{
	"Ho_ten": "Đinh bích hiền trúc",
	"Ma_so": "NV_37",
	"CMND": "070770289",
	"Gioi_tinh": "Nữ",
	"Dien_thoai": "0944116615",
	"Dia_chi": "Ngô đình O Quận 5-TP. HCM",
	"Mail": "đbhtrúc@yahoovn",
	"Ten_Dang_nhap": "NV_37",
	"Mat_khau": "NV_37",
	"Muc_luong": 9900000,
	"Ngay_sinh": "1980-10-28",
	"Don_vi": {
		"Ten": "Đơn vị A2",
		"Ma_so": "DV_A2",
		"Chi_nhanh": {
			"Ten": "Chi nhánh A",
			"Ma_so": "CN_A"
		}
	},
	"Danh_sach_Ngoai_ngu": [
		{
			"Ten": "Anh",
			"Ma_so": "ANH"
		},
		{
			"Ten": "Pháp",
			"Ma_so": "PHAP"
		},
		{
			"Ten": "Nga",
			"Ma_so": "NGA"
		},
		{
			"Ten": "Brasil",
			"Ma_so": "BRASIL"
		}
	]
}