{
	"Ho_ten": "Hồ như đan Tân",
	"Ma_so": "NV_35",
	"CMND": "072995116",
	"Gioi_tinh": "Nữ",
	"Dien_thoai": "0967052674",
	"Dia_chi": "Châu thiện A Quận 3-Hà nội",
	"Mail": "hnđtân@mrnhcmcom",
	"Ten_Dang_nhap": "NV_35",
	"Mat_khau": "NV_35",
	"Muc_luong": 12950000,
	"Ngay_sinh": "1978-04-22",
	"Don_vi": {
		"Ten": "Đơn vị A2",
		"Ma_so": "DV_A2",
		"Chi_nhanh": {
			"Ten": "Chi nhánh A",
			"Ma_so": "CN_A"
		}
	},
	"Danh_sach_Ngoai_ngu": [
		{
			"Ten": "Anh",
			"Ma_so": "ANH"
		}
	]
}