{
	"Ho_ten": "Hoàng thiện Đại",
	"Ma_so": "NV_48",
	"CMND": "020962056",
	"Gioi_tinh": "Nam",
	"Dien_thoai": "0906793294",
	"Dia_chi": "Ngô bích C Quận 9-Long an",
	"Mail": "htđại@euhhcmvn",
	"Ten_Dang_nhap": "NV_48",
	"Mat_khau": "NV_48",
	"Muc_luong": 8500000,
	"Ngay_sinh": "1980-01-16",
	"Don_vi": {
		"Ten": "Đơn vị B1",
		"Ma_so": "DV_B1",
		"Chi_nhanh": {
			"Ten": "Chi nhánh B",
			"Ma_so": "CN_B"
		}
	},
	"Danh_sach_Ngoai_ngu": [
		{
			"Ten": "Anh",
			"Ma_so": "ANH"
		},
		{
			"Ten": "Nga",
			"Ma_so": "NGA"
		}
	]
}