{
	"Ho_ten": "Phùng hà Hạ",
	"Ma_so": "NV_44",
	"CMND": "001530594",
	"Gioi_tinh": "Nam",
	"Dien_thoai": "0976032055",
	"Dia_chi": "Lý xuân E Quận 14-TP. HCM",
	"Mail": "phhạ@sptgmailvn",
	"Ten_Dang_nhap": "NV_44",
	"Mat_khau": "NV_44",
	"Muc_luong": 11550000,
	"Ngay_sinh": "1976-03-30",
	"Don_vi": {
		"Ten": "Đơn vị B1",
		"Ma_so": "DV_B1",
		"Chi_nhanh": {
			"Ten": "Chi nhánh B",
			"Ma_so": "CN_B"
		}
	},
	"Danh_sach_Ngoai_ngu": [
		{
			"Ten": "Anh",
			"Ma_so": "ANH"
		},
		{
			"Ten": "Nga",
			"Ma_so": "NGA"
		},
		{
			"Ten": "Brasil",
			"Ma_so": "BRASIL"
		}
	]
}