{
	"Ho_ten": "Lê đình Trưởng",
	"Ma_so": "NV_53",
	"CMND": "092109923",
	"Gioi_tinh": "Nam",
	"Dien_thoai": "0935598422",
	"Dia_chi": "Ôn cao W Quận 5-TP. HCM",
	"Mail": "lđtrưởng@sptvn",
	"Ten_Dang_nhap": "NV_53",
	"Mat_khau": "NV_53",
	"Muc_luong": 8950000,
	"Ngay_sinh": "1981-09-26",
	"Don_vi": {
		"Ten": "Đơn vị B1",
		"Ma_so": "DV_B1",
		"Chi_nhanh": {
			"Ten": "Chi nhánh B",
			"Ma_so": "CN_B"
		}
	},
	"Danh_sach_Ngoai_ngu": [
		{
			"Ten": "Anh",
			"Ma_so": "ANH"
		}
	]
}