{
	"Ho_ten": "Lâm kim Khóa",
	"Ma_so": "NV_50",
	"CMND": "047065099",
	"Gioi_tinh": "Nam",
	"Dien_thoai": "0991297742",
	"Dia_chi": "Hoàng phước Y Quận 14-TP. HCM",
	"Mail": "lkkhóa@mrnvn",
	"Ten_Dang_nhap": "NV_50",
	"Mat_khau": "NV_50",
	"Muc_luong": 10850000,
	"Ngay_sinh": "1986-07-27",
	"Don_vi": {
		"Ten": "Đơn vị B1",
		"Ma_so": "DV_B1",
		"Chi_nhanh": {
			"Ten": "Chi nhánh B",
			"Ma_so": "CN_B"
		}
	},
	"Danh_sach_Ngoai_ngu": [
		{
			"Ten": "Anh",
			"Ma_so": "ANH"
		},
		{
			"Ten": "Đức",
			"Ma_so": "DUC"
		}
	]
}