{
	"Ho_ten": "Công bích nguyên Tấn",
	"Ma_so": "NV_76",
	"CMND": "088705878",
	"Gioi_tinh": "Nữ",
	"Dien_thoai": "0986966907",
	"Dia_chi": "Nguyễn lý S Quận 6-Long an",
	"Mail": "cbntấn@spthcmcom",
	"Ten_Dang_nhap": "NV_76",
	"Mat_khau": "NV_76",
	"Muc_luong": 8200000,
	"Ngay_sinh": "1989-03-02",
	"Don_vi": {
		"Ten": "Đơn vị B3",
		"Ma_so": "DV_B3",
		"Chi_nhanh": {
			"Ten": "Chi nhánh B",
			"Ma_so": "CN_B"
		}
	},
	"Danh_sach_Ngoai_ngu": [
		{
			"Ten": "Pháp",
			"Ma_so": "PHAP"
		},
		{
			"Ten": "Đức",
			"Ma_so": "DUC"
		},
		{
			"Ten": "Brasil",
			"Ma_so": "BRASIL"
		}
	]
}