{
	"Ho_ten": "Phạm thị trầm Long",
	"Ma_so": "NV_96",
	"CMND": "089405702",
	"Gioi_tinh": "Nữ",
	"Dien_thoai": "0926932673",
	"Dia_chi": "Nguyên ngọc H Quận 9-TP. HCM",
	"Mail": "pttlong@yahoocom",
	"Ten_Dang_nhap": "NV_96",
	"Mat_khau": "NV_96",
	"Muc_luong": 14000000,
	"Ngay_sinh": "1973-11-04",
	"Don_vi": {
		"Ten": "Đơn vị B4",
		"Ma_so": "DV_B4",
		"Chi_nhanh": {
			"Ten": "Chi nhánh B",
			"Ma_so": "CN_B"
		}
	},
	"Danh_sach_Ngoai_ngu": [
		{
			"Ten": "Anh",
			"Ma_so": "ANH"
		},
		{
			"Ten": "Pháp",
			"Ma_so": "PHAP"
		},
		{
			"Ten": "Đức",
			"Ma_so": "DUC"
		}
	]
}