{
	"Ho_ten": "Công an thụy Lan",
	"Ma_so": "NV_98",
	"CMND": "063630855",
	"Gioi_tinh": "Nam",
	"Dien_thoai": "0950821171",
	"Dia_chi": "Mai phước U Quận 9-TP. HCM",
	"Mail": "catlan@alphtkyahoovn",
	"Ten_Dang_nhap": "NV_98",
	"Mat_khau": "NV_98",
	"Muc_luong": 14000000,
	"Ngay_sinh": "1972-01-02",
	"Don_vi": {
		"Ten": "Đơn vị B4",
		"Ma_so": "DV_B4",
		"Chi_nhanh": {
			"Ten": "Chi nhánh B",
			"Ma_so": "CN_B"
		}
	},
	"Danh_sach_Ngoai_ngu": [
		{
			"Ten": "Anh",
			"Ma_so": "ANH"
		},
		{
			"Ten": "Pháp",
			"Ma_so": "PHAP"
		},
		{
			"Ten": "Nga",
			"Ma_so": "NGA"
		}
	]
}