{
	"Ma_so": "CT_X",
	"Ten": "Công ty X",
	"Dien_thoai": "0888888441",
	"Dia_chi": "79 Nguyễn Phúc Chu, Phường 15, Quận Tân Bình, TP.HCM",
	"Qui_dinh_Nhan_vien": {
		"Ma_so": "QD_1",
		"Tuoi_Toi_thieu": 18,
		"Tuoi_Toi_da": 50,
		"Muc_luong_Toi_thieu": 7500000
	},
	"Danh_sach_Ngoai_ngu": [
		{
			"Ma_so": "ANH",
			"Ten": "Anh"
		},
		{
			"Ma_so": "PHAP",
			"Ten": "Pháp"
		},
		{
			"Ma_so": "NGA",
			"Ten": "Nga"
		},
		{
			"Ma_so": "DUC",
			"Ten": "Đức"
		},
		{
			"Ma_so": "BRASIL",
			"Ten": "Brasil"
		}
	],
	"Danh_sach_Don_vi": [
		{
			"Ma_so": "DV_A1",
			"Ten": "Đơn vị A1",
			"Chi_nhanh": {
				"Ma_so": "CN_A",
				"Ten": "Chi nhánh A"
			}
		},
		{
			"Ma_so": "DV_A2",
			"Ten": "Đơn vị A2",
			"Chi_nhanh": {
				"Ma_so": "CN_A",
				"Ten": "Chi nhánh A"
			}
		},
		{
			"Ma_so": "DV_B1",
			"Ten": "Đơn vị B1",
			"Chi_nhanh": {
				"Ma_so": "CN_B",
				"Ten": "Chi nhánh B"
			}
		},
		{
			"Ma_so": "DV_B2",
			"Ten": "Đơn vị B2",
			"Chi_nhanh": {
				"Ma_so": "CN_B",
				"Ten": "Chi nhánh B"
			}
		},
		{
			"Ma_so": "DV_B3",
			"Ten": "Đơn vị B3",
			"Chi_nhanh": {
				"Ma_so": "CN_B",
				"Ten": "Chi nhánh B"
			}
		},
		{
			"Ma_so": "DV_B4",
			"Ten": "Đơn vị B4",
			"Chi_nhanh": {
				"Ma_so": "CN_B",
				"Ten": "Chi nhánh B"
			}
		}
	],
	"Danh_sach_Quan_ly_Chi_nhanh": [
		{
			"Ho_ten": "Nguyễn Hải Trung",
			"Ma_so": "QLCN_A",
			"Ten_Dang_nhap": "QLCN_A",
		  	"Mat_khau": "QLCN_A",
		  	"Chi_nhanh": {
				"Ten": "Chi nhánh A",
				"Ma_so": "CN_A"
		  	}
		},
		{
			"Ho_ten": "Nguyễn Thị Thủy",
			"Ma_so": "QLCN_B",
			"Ten_Dang_nhap": "QLCN_B",
		  	"Mat_khau": "QLCN_B",
		  	"Chi_nhanh": {
				"Ten": "Chi nhánh B",
				"Ma_so": "CN_B"
		  	}
		}
	]
}